Surname,Name,Age,Subscription Date
Smith,Sarah,30,"2020/04/29, 14:49:33"
Picard,Francine,32,"2020/04/29, 16:02:12"
Roth,Hans,40,"2020/04/29, 14:48:57"
Pomme,Ali,28,"2020/04/29, 17:07:16"
Di Lillo,Jordi,42,"2020/04/29, 14:27:22"
Roth,Anna,26,"2020/04/29, 16:18:09"
Kirk,Jordi,56,"2020/04/29, 13:36:49"
Beierlorzer,Josie,20,"2020/04/29, 17:19:36"
Picard,Robert,39,"2020/04/29, 15:02:53"
Meier,Jean-Luc,37,"2020/04/29, 14:26:49"
Kirk,Josie,31,"2020/04/29, 17:26:51"
Wellington,Sarah,40,"2020/04/29, 15:40:08"
Meier,Francine,32,"2020/04/29, 15:57:11"
Pomme,Anna,41,"2020/04/29, 17:48:45"
Smith,Zoe,26,"2020/04/29, 16:48:15"
Thronton,Thomas,17,"2020/04/29, 16:35:39"
Meier,Sarah,51,"2020/04/29, 16:09:52"
Smith,Thomas,33,"2020/04/29, 18:13:23"
Stephenson,Hans,49,"2020/04/29, 16:37:11"
Smith,Sarah,21,"2020/04/29, 16:29:21"
Wellington,Jordi,43,"2020/04/29, 16:24:13"
Picard,Jordi,35,"2020/04/29, 13:26:38"
Stephenson,Simon,54,"2020/04/29, 16:14:16"
Gwahsi,Sarah,22,"2020/04/29, 17:01:18"
Di Lillo,Thomas,48,"2020/04/29, 12:59:26"
Beierlorzer,Jean-Luc,28,"2020/04/29, 12:25:07"
Kirk,Jordi,34,"2020/04/29, 16:15:42"
Di Lillo,Alok,31,"2020/04/29, 14:59:24"
Roth,Franz,38,"2020/04/29, 15:07:13"
Picard,Andreas,21,"2020/04/29, 15:37:03"
Thronton,Ali,31,"2020/04/29, 15:20:00"
Roth,Hans,42,"2020/04/29, 14:44:27"
Beierlorzer,Zoe,24,"2020/04/29, 15:40:37"
Thronton,Alok,38,"2020/04/29, 17:19:03"
Gwahsi,Simon,22,"2020/04/29, 14:51:55"
Bond,Agaba,16,"2020/04/29, 16:20:52"
Pomme,Thomas,29,"2020/04/29, 15:27:35"
Thronton,Simon,44,"2020/04/29, 13:16:52"
Bond,Ali,40,"2020/04/29, 15:49:34"
Stephenson,Andreas,46,"2020/04/29, 14:52:19"
Bond,Andreas,36,"2020/04/29, 12:21:45"
Wellington,Robert,52,"2020/04/29, 15:58:40"
Bond,Simon,38,"2020/04/29, 16:50:19"
Stephenson,Agaba,29,"2020/04/29, 17:09:45"
Gwahsi,Alok,31,"2020/04/29, 12:55:55"
Beierlorzer,Francine,43,"2020/04/29, 14:11:19"
Picard,Sarah,23,"2020/04/29, 15:59:12"
Gwahsi,Ali,24,"2020/04/29, 14:51:42"
Wellington,Zoe,47,"2020/04/29, 17:09:00"
Picard,Hans,27,"2020/04/29, 14:17:42"
Gwahsi,Jordi,19,"2020/04/29, 15:18:08"
Roth,Jordi,41,"2020/04/29, 16:56:11"
Bond,Jordi,33,"2020/04/29, 16:05:49"
Picard,Sarah,25,"2020/04/29, 15:25:06"
Thronton,Francine,33,"2020/04/29, 16:25:00"
Wellington,Zoe,34,"2020/04/29, 14:50:19"
Thronton,Zoe,45,"2020/04/29, 16:02:56"
Mueller,Franz,19,"2020/04/29, 15:40:01"
Picard,Hans,58,"2020/04/29, 16:16:40"
Picard,Hans,41,"2020/04/29, 15:18:15"
Kirk,Andreas,29,"2020/04/29, 12:31:59"
Pomme,Jordi,38,"2020/04/29, 14:49:57"
Beierlorzer,Jordi,29,"2020/04/29, 16:38:44"
Di Lillo,Lee,38,"2020/04/29, 15:57:39"
Meier,Francine,50,"2020/04/29, 17:37:03"
Bond,Zoe,33,"2020/04/29, 16:00:42"
Gwahsi,Agaba,51,"2020/04/29, 14:20:46"
Pomme,Andreas,35,"2020/04/29, 17:46:47"
Bond,Ali,40,"2020/04/29, 14:41:17"
Mueller,Hans,38,"2020/04/29, 16:37:44"
Beierlorzer,Ali,20,"2020/04/29, 15:40:44"
Stephenson,Alok,44,"2020/04/29, 15:58:26"
Smith,Ali,25,"2020/04/29, 13:26:46"
Stephenson,Francine,39,"2020/04/29, 15:52:45"
Bond,Alok,33,"2020/04/29, 17:01:04"
Picard,Zoe,35,"2020/04/29, 16:32:47"
Roth,Jean-Luc,40,"2020/04/29, 12:51:26"
Kirk,Robert,35,"2020/04/29, 15:09:21"
Stephenson,Jean-Luc,30,"2020/04/29, 14:45:08"
Stephenson,Anna,40,"2020/04/29, 17:40:03"
Thronton,Alok,30,"2020/04/29, 14:40:45"
Roth,Robert,43,"2020/04/29, 16:23:45"
Stephenson,Ali,36,"2020/04/29, 16:53:01"
Kirk,Simon,28,"2020/04/29, 12:51:35"
Smith,Sarah,49,"2020/04/29, 15:06:11"
Beierlorzer,Jordi,9,"2020/04/29, 16:00:38"
Di Lillo,Agaba,18,"2020/04/29, 15:25:29"
Stephenson,Jean-Luc,37,"2020/04/29, 15:14:42"
Stephenson,Simon,39,"2020/04/29, 15:15:58"
Thronton,Jean-Luc,43,"2020/04/29, 17:13:39"
Bond,Jean-Luc,24,"2020/04/29, 15:24:18"
Kirk,Andreas,40,"2020/04/29, 15:21:13"
Thronton,Thomas,24,"2020/04/29, 16:04:27"
Pomme,Franz,38,"2020/04/29, 15:30:35"
Mueller,Anna,22,"2020/04/29, 16:54:32"
Stephenson,Alok,53,"2020/04/29, 15:21:35"
Picard,Lee,42,"2020/04/29, 15:57:34"
Bond,Anna,27,"2020/04/29, 17:05:00"
Meier,Thomas,29,"2020/04/29, 16:46:15"
Mueller,Franz,26,"2020/04/29, 15:35:13"
Bond,Anna,41,"2020/04/29, 12:52:30"
Mueller,Agaba,30,"2020/04/29, 15:09:17"
Pomme,Andreas,19,"2020/04/29, 14:28:21"
Wellington,Agaba,27,"2020/04/29, 14:51:51"
Beierlorzer,Agaba,32,"2020/04/29, 16:40:23"
Smith,Andreas,34,"2020/04/29, 14:02:06"
Smith,Simon,34,"2020/04/29, 16:37:48"
Roth,Zoe,36,"2020/04/29, 16:27:55"
Bond,Agaba,38,"2020/04/29, 12:16:20"
Picard,Robert,35,"2020/04/29, 11:44:29"
Gwahsi,Anna,42,"2020/04/29, 15:25:13"
Picard,Robert,29,"2020/04/29, 15:56:13"
Pomme,Agaba,28,"2020/04/29, 16:14:02"
Pomme,Zoe,31,"2020/04/29, 15:22:25"
Pomme,Alok,15,"2020/04/29, 15:42:02"
Thronton,Hans,31,"2020/04/29, 14:03:39"
Bond,Josie,48,"2020/04/29, 15:21:59"
Gwahsi,Andreas,13,"2020/04/29, 14:42:56"
Pomme,Timothy,26,"2020/04/29, 14:30:01"
Pomme,Josie,45,"2020/04/29, 14:51:30"
Bond,Lee,14,"2020/04/29, 14:56:00"
Gwahsi,Simon,26,"2020/04/29, 20:32:34"
Pomme,Ali,36,"2020/04/29, 15:59:17"
Bond,Sarah,27,"2020/04/29, 14:32:38"
Mueller,Alok,43,"2020/04/29, 17:08:11"
Stephenson,Josie,57,"2020/04/29, 13:52:05"
Smith,Francine,31,"2020/04/29, 16:08:03"
Di Lillo,Thomas,35,"2020/04/29, 17:42:26"
Bond,Sarah,43,"2020/04/29, 17:14:21"
Kirk,Jordi,14,"2020/04/29, 15:15:44"
Mueller,Franz,43,"2020/04/29, 14:49:40"
Meier,Thomas,46,"2020/04/29, 14:39:53"
Roth,Thomas,39,"2020/04/29, 17:16:47"
Kirk,Zoe,44,"2020/04/29, 15:17:00"
Picard,Andreas,33,"2020/04/29, 15:01:47"
Thronton,Jean-Luc,30,"2020/04/29, 15:46:49"
Mueller,Timothy,36,"2020/04/29, 16:45:59"
Picard,Agaba,34,"2020/04/29, 17:17:49"
Stephenson,Franz,10,"2020/04/29, 14:52:45"
Gwahsi,Jordi,29,"2020/04/29, 14:48:44"
Wellington,Hans,18,"2020/04/29, 15:41:30"
Kirk,Alok,33,"2020/04/29, 14:36:54"
Picard,Agaba,28,"2020/04/29, 13:20:10"
Stephenson,Franz,24,"2020/04/29, 12:41:09"
Picard,Lee,30,"2020/04/29, 15:45:32"
Stephenson,Jordi,33,"2020/04/29, 18:27:34"
Thronton,Francine,41,"2020/04/29, 16:24:27"
Picard,Francine,35,"2020/04/29, 15:11:33"
Pomme,Hans,41,"2020/04/29, 14:16:54"
Pomme,Jean-Luc,31,"2020/04/29, 14:40:03"
Wellington,Simon,45,"2020/04/29, 17:48:55"
Picard,Andreas,38,"2020/04/29, 15:14:26"
Bond,Agaba,26,"2020/04/29, 14:33:00"
Beierlorzer,Franz,37,"2020/04/29, 16:08:39"
Picard,Thomas,20,"2020/04/29, 15:46:44"
Stephenson,Simon,23,"2020/04/29, 15:16:55"
Meier,Lee,18,"2020/04/29, 15:06:30"
Bond,Josie,32,"2020/04/29, 17:02:02"
Gwahsi,Lee,34,"2020/04/29, 14:59:20"
Pomme,Ali,21,"2020/04/29, 14:11:28"
Picard,Thomas,26,"2020/04/29, 16:11:51"
Picard,Sarah,18,"2020/04/29, 14:48:02"
Thronton,Agaba,47,"2020/04/29, 15:44:39"
Gwahsi,Jean-Luc,27,"2020/04/29, 14:50:55"
Beierlorzer,Sarah,50,"2020/04/29, 15:09:13"
Mueller,Simon,48,"2020/04/29, 15:29:38"
Stephenson,Lee,34,"2020/04/29, 14:51:52"
Gwahsi,Robert,42,"2020/04/29, 15:11:16"
Meier,Jean-Luc,41,"2020/04/29, 15:15:38"
Meier,Francine,36,"2020/04/29, 16:12:24"
Meier,Francine,32,"2020/04/29, 14:49:04"
Bond,Sarah,44,"2020/04/29, 16:17:28"
Roth,Zoe,30,"2020/04/29, 16:44:34"
Smith,Jean-Luc,22,"2020/04/29, 15:20:46"
Smith,Agaba,36,"2020/04/29, 17:35:42"
Pomme,Jordi,43,"2020/04/29, 15:46:56"
Beierlorzer,Jean-Luc,45,"2020/04/29, 17:25:05"
Mueller,Simon,31,"2020/04/29, 17:35:48"
Beierlorzer,Timothy,42,"2020/04/29, 12:10:35"
Thronton,Jean-Luc,30,"2020/04/29, 17:41:51"
Beierlorzer,Thomas,9,"2020/04/29, 15:36:40"
Meier,Robert,39,"2020/04/29, 18:11:31"
Mueller,Zoe,49,"2020/04/29, 16:10:56"
Thronton,Francine,26,"2020/04/29, 15:47:09"
Picard,Andreas,20,"2020/04/29, 17:50:18"
Picard,Josie,50,"2020/04/29, 16:20:52"
Kirk,Jordi,39,"2020/04/29, 12:21:25"
Bond,Jean-Luc,46,"2020/04/29, 15:14:30"
Smith,Alok,23,"2020/04/29, 14:57:08"
Kirk,Jordi,22,"2020/04/29, 17:40:45"
Smith,Alok,36,"2020/04/29, 15:15:48"
Di Lillo,Sarah,52,"2020/04/29, 13:53:47"
Pomme,Andreas,22,"2020/04/29, 17:01:02"
Mueller,Franz,42,"2020/04/29, 14:31:12"
Kirk,Josie,29,"2020/04/29, 14:06:13"
Meier,Zoe,29,"2020/04/29, 17:28:59"
Bond,Ali,37,"2020/04/29, 17:49:13"
Stephenson,Ali,24,"2020/04/29, 15:23:37"
Roth,Agaba,19,"2020/04/29, 16:58:08"
Bond,Jean-Luc,29,"2020/04/29, 17:14:38"
Stephenson,Francine,38,"2020/04/29, 16:31:30"
Kirk,Thomas,36,"2020/04/29, 14:08:42"
Bond,Sarah,40,"2020/04/29, 17:18:10"
Smith,Thomas,46,"2020/04/29, 17:29:14"
Beierlorzer,Alok,42,"2020/04/29, 18:26:22"
Kirk,Agaba,44,"2020/04/29, 16:55:19"
Picard,Jordi,55,"2020/04/29, 13:44:37"
Beierlorzer,Jordi,41,"2020/04/29, 13:48:15"
Beierlorzer,Lee,46,"2020/04/29, 18:15:37"
Bond,Jordi,28,"2020/04/29, 14:31:36"
Thronton,Timothy,38,"2020/04/29, 14:55:06"
Roth,Anna,25,"2020/04/29, 18:27:51"
Beierlorzer,Andreas,43,"2020/04/29, 16:06:46"
Gwahsi,Jordi,29,"2020/04/29, 13:58:54"
Kirk,Lee,37,"2020/04/29, 17:51:24"
Meier,Agaba,45,"2020/04/29, 16:57:15"
Stephenson,Anna,24,"2020/04/29, 16:44:24"
Picard,Francine,49,"2020/04/29, 15:40:42"
Wellington,Hans,35,"2020/04/29, 12:35:46"
Roth,Simon,27,"2020/04/29, 14:20:45"
Thronton,Jean-Luc,24,"2020/04/29, 16:11:42"
Picard,Andreas,29,"2020/04/29, 14:11:38"
Gwahsi,Simon,39,"2020/04/29, 14:36:58"
Di Lillo,Timothy,27,"2020/04/29, 15:34:32"
Roth,Franz,48,"2020/04/29, 15:36:36"
Kirk,Jean-Luc,36,"2020/04/29, 14:48:12"
Di Lillo,Timothy,27,"2020/04/29, 14:34:51"
Pomme,Zoe,43,"2020/04/29, 17:14:55"
Mueller,Jean-Luc,30,"2020/04/29, 14:18:38"
Picard,Jordi,39,"2020/04/29, 15:32:24"
Roth,Jordi,37,"2020/04/29, 15:36:09"
Mueller,Robert,33,"2020/04/29, 16:42:50"
Smith,Hans,31,"2020/04/29, 16:39:24"
Gwahsi,Timothy,27,"2020/04/29, 17:20:38"
Beierlorzer,Anna,36,"2020/04/29, 13:34:33"
Beierlorzer,Hans,18,"2020/04/29, 14:58:42"
Mueller,Franz,38,"2020/04/29, 13:31:47"
Meier,Thomas,36,"2020/04/29, 15:05:17"
Smith,Josie,30,"2020/04/29, 17:05:00"
Beierlorzer,Jordi,27,"2020/04/29, 14:58:18"
Di Lillo,Thomas,30,"2020/04/29, 14:52:46"
Roth,Robert,37,"2020/04/29, 13:06:25"
Kirk,Lee,44,"2020/04/29, 14:43:51"
Meier,Agaba,42,"2020/04/29, 17:37:58"
Thronton,Anna,32,"2020/04/29, 13:27:08"
Pomme,Simon,57,"2020/04/29, 16:44:56"
Meier,Thomas,37,"2020/04/29, 17:48:55"
Gwahsi,Jordi,30,"2020/04/29, 15:50:22"
Mueller,Jean-Luc,44,"2020/04/29, 17:31:12"
Gwahsi,Josie,41,"2020/04/29, 14:36:50"
Kirk,Francine,50,"2020/04/29, 18:53:14"
Thronton,Zoe,23,"2020/04/29, 13:03:02"
Smith,Sarah,36,"2020/04/29, 16:24:43"
Smith,Hans,12,"2020/04/29, 16:53:26"
Beierlorzer,Thomas,27,"2020/04/29, 11:47:28"
Bond,Andreas,51,"2020/04/29, 15:02:56"
Di Lillo,Robert,44,"2020/04/29, 15:28:51"
Pomme,Agaba,42,"2020/04/29, 14:13:33"
Mueller,Anna,32,"2020/04/29, 14:00:03"
Roth,Anna,53,"2020/04/29, 15:50:53"
Thronton,Jean-Luc,15,"2020/04/29, 16:22:51"
Stephenson,Anna,51,"2020/04/29, 14:23:48"
Mueller,Simon,36,"2020/04/29, 15:00:25"
Pomme,Simon,33,"2020/04/29, 17:08:44"
Mueller,Thomas,19,"2020/04/29, 15:30:58"
Smith,Jordi,38,"2020/04/29, 14:37:04"
Smith,Agaba,45,"2020/04/29, 15:45:50"
Pomme,Thomas,21,"2020/04/29, 14:33:37"
Mueller,Lee,26,"2020/04/29, 16:07:08"
Stephenson,Anna,17,"2020/04/29, 17:43:11"
Picard,Francine,42,"2020/04/29, 16:59:38"
Bond,Anna,34,"2020/04/29, 16:06:29"
Di Lillo,Ali,37,"2020/04/29, 17:28:13"
Meier,Zoe,35,"2020/04/29, 14:36:28"
Bond,Josie,52,"2020/04/29, 17:02:06"
Di Lillo,Thomas,37,"2020/04/29, 16:12:16"
Picard,Thomas,27,"2020/04/29, 13:58:37"
Wellington,Sarah,36,"2020/04/29, 17:07:50"
Kirk,Simon,54,"2020/04/29, 16:39:26"
Roth,Timothy,35,"2020/04/29, 14:21:17"
Beierlorzer,Ali,44,"2020/04/29, 15:51:17"
Di Lillo,Alok,40,"2020/04/29, 15:32:22"
Beierlorzer,Alok,24,"2020/04/29, 17:59:37"
Beierlorzer,Jean-Luc,44,"2020/04/29, 15:34:13"
Meier,Thomas,38,"2020/04/29, 14:31:57"
Meier,Lee,42,"2020/04/29, 13:46:12"
Stephenson,Timothy,24,"2020/04/29, 16:31:27"
Mueller,Francine,20,"2020/04/29, 14:59:22"
Gwahsi,Agaba,38,"2020/04/29, 14:13:57"
Gwahsi,Jordi,32,"2020/04/29, 12:49:26"
Thronton,Hans,50,"2020/04/29, 17:59:05"
Thronton,Jean-Luc,48,"2020/04/29, 16:01:07"
Roth,Ali,44,"2020/04/29, 14:04:53"
Beierlorzer,Timothy,22,"2020/04/29, 14:27:05"
Beierlorzer,Zoe,24,"2020/04/29, 16:36:30"
Picard,Timothy,35,"2020/04/29, 14:17:48"
Gwahsi,Lee,24,"2020/04/29, 15:20:55"
Mueller,Jordi,37,"2020/04/29, 14:46:45"
Kirk,Zoe,35,"2020/04/29, 14:27:10"
Stephenson,Zoe,28,"2020/04/29, 17:20:23"
Bond,Thomas,28,"2020/04/29, 14:44:31"
Mueller,Anna,40,"2020/04/29, 14:33:45"
Kirk,Anna,21,"2020/04/29, 14:58:35"
Beierlorzer,Francine,34,"2020/04/29, 15:29:20"
Gwahsi,Agaba,47,"2020/04/29, 15:57:04"
Di Lillo,Jordi,33,"2020/04/29, 17:13:51"
Picard,Ali,59,"2020/04/29, 16:23:14"
Wellington,Hans,31,"2020/04/29, 15:32:15"
Picard,Jordi,33,"2020/04/29, 17:13:13"
Beierlorzer,Josie,31,"2020/04/29, 13:50:53"
Pomme,Francine,15,"2020/04/29, 14:23:44"
Pomme,Agaba,23,"2020/04/29, 16:18:49"
Wellington,Andreas,33,"2020/04/29, 15:56:02"
Beierlorzer,Simon,28,"2020/04/29, 15:10:16"
Picard,Anna,33,"2020/04/29, 15:57:36"
Stephenson,Sarah,15,"2020/04/29, 17:26:38"
Kirk,Zoe,24,"2020/04/29, 11:33:56"
Smith,Lee,18,"2020/04/29, 17:03:37"
Di Lillo,Andreas,28,"2020/04/29, 15:16:09"
Stephenson,Andreas,52,"2020/04/29, 15:09:52"
Smith,Ali,48,"2020/04/29, 14:38:40"
Mueller,Jordi,17,"2020/04/29, 14:55:51"
Stephenson,Zoe,37,"2020/04/29, 19:40:56"
Meier,Anna,45,"2020/04/29, 14:48:15"
Gwahsi,Agaba,31,"2020/04/29, 16:52:52"
Picard,Zoe,22,"2020/04/29, 12:37:57"
Thronton,Simon,40,"2020/04/29, 15:08:34"
Bond,Anna,18,"2020/04/29, 15:22:48"
Roth,Sarah,19,"2020/04/29, 15:03:38"
Smith,Thomas,36,"2020/04/29, 15:46:27"
Roth,Jean-Luc,25,"2020/04/29, 14:34:18"
Mueller,Zoe,38,"2020/04/29, 13:48:30"
Kirk,Agaba,35,"2020/04/29, 13:37:46"
Bond,Andreas,38,"2020/04/29, 15:21:18"
Wellington,Simon,33,"2020/04/29, 14:38:31"
Thronton,Zoe,31,"2020/04/29, 16:17:12"
Mueller,Anna,41,"2020/04/29, 15:31:08"
Bond,Thomas,38,"2020/04/29, 14:27:21"
Picard,Zoe,30,"2020/04/29, 13:37:24"
Roth,Sarah,17,"2020/04/29, 14:45:07"
Smith,Josie,31,"2020/04/29, 13:50:04"
Stephenson,Alok,29,"2020/04/29, 14:51:25"
Mueller,Franz,26,"2020/04/29, 15:14:20"
Wellington,Sarah,18,"2020/04/29, 15:10:24"
Roth,Alok,25,"2020/04/29, 14:16:39"
Bond,Sarah,28,"2020/04/29, 16:34:14"
Gwahsi,Robert,31,"2020/04/29, 15:28:29"
Bond,Francine,38,"2020/04/29, 15:24:51"
Picard,Robert,34,"2020/04/29, 14:22:28"
Mueller,Josie,17,"2020/04/29, 16:56:17"
Wellington,Robert,44,"2020/04/29, 16:14:07"
Smith,Francine,40,"2020/04/29, 15:56:30"
Di Lillo,Jean-Luc,26,"2020/04/29, 19:08:24"
Beierlorzer,Josie,28,"2020/04/29, 14:14:49"
Meier,Zoe,49,"2020/04/29, 17:43:55"
Meier,Agaba,29,"2020/04/29, 17:10:02"
Meier,Agaba,21,"2020/04/29, 14:45:49"
Gwahsi,Robert,37,"2020/04/29, 15:42:20"
Bond,Josie,34,"2020/04/29, 14:20:37"
Di Lillo,Zoe,17,"2020/04/29, 14:17:03"
Thronton,Robert,44,"2020/04/29, 13:55:46"
Picard,Timothy,54,"2020/04/29, 15:40:39"
Picard,Robert,34,"2020/04/29, 17:21:09"
Stephenson,Timothy,41,"2020/04/29, 16:01:30"
Thronton,Francine,33,"2020/04/29, 16:52:59"
Mueller,Josie,42,"2020/04/29, 18:16:03"
Gwahsi,Jordi,36,"2020/04/29, 18:10:52"
Gwahsi,Alok,32,"2020/04/29, 15:10:09"
Picard,Alok,43,"2020/04/29, 14:37:32"
Roth,Jean-Luc,35,"2020/04/29, 14:17:20"
Kirk,Anna,43,"2020/04/29, 15:31:04"
Mueller,Simon,35,"2020/04/29, 15:11:26"
Pomme,Simon,47,"2020/04/29, 16:14:33"
Beierlorzer,Francine,55,"2020/04/29, 15:38:31"
Wellington,Jean-Luc,23,"2020/04/29, 15:56:28"
Pomme,Jordi,26,"2020/04/29, 14:04:20"
Picard,Andreas,30,"2020/04/29, 15:57:48"
Mueller,Robert,33,"2020/04/29, 15:59:51"
Beierlorzer,Franz,28,"2020/04/29, 16:26:37"
Smith,Jordi,34,"2020/04/29, 16:10:07"
Beierlorzer,Agaba,32,"2020/04/29, 13:11:45"
Mueller,Jordi,26,"2020/04/29, 15:28:10"
Picard,Ali,34,"2020/04/29, 16:02:43"
Picard,Franz,35,"2020/04/29, 16:00:16"
Stephenson,Andreas,46,"2020/04/29, 19:40:59"
Thronton,Zoe,45,"2020/04/29, 16:01:41"
Di Lillo,Jean-Luc,35,"2020/04/29, 15:51:16"
Smith,Franz,50,"2020/04/29, 16:35:14"
Kirk,Francine,23,"2020/04/29, 17:12:52"
Mueller,Jordi,47,"2020/04/29, 18:58:50"
Thronton,Anna,15,"2020/04/29, 15:23:59"
Thronton,Anna,28,"2020/04/29, 13:47:27"
Stephenson,Alok,16,"2020/04/29, 16:01:11"
Picard,Thomas,47,"2020/04/29, 16:36:16"
Beierlorzer,Robert,30,"2020/04/29, 16:46:23"
Pomme,Alok,12,"2020/04/29, 15:19:38"
Picard,Timothy,31,"2020/04/29, 17:51:28"
Mueller,Andreas,33,"2020/04/29, 13:14:23"
Meier,Jean-Luc,42,"2020/04/29, 16:06:54"
Beierlorzer,Agaba,24,"2020/04/29, 16:22:26"
Stephenson,Andreas,15,"2020/04/29, 14:29:57"
Beierlorzer,Jean-Luc,48,"2020/04/29, 16:07:52"
Di Lillo,Jean-Luc,50,"2020/04/29, 16:35:35"
Roth,Robert,30,"2020/04/29, 14:05:40"
Wellington,Franz,32,"2020/04/29, 15:07:14"
Gwahsi,Franz,51,"2020/04/29, 14:28:14"
Picard,Franz,29,"2020/04/29, 15:14:27"
Pomme,Andreas,29,"2020/04/29, 15:59:52"
Kirk,Simon,25,"2020/04/29, 13:25:19"
Bond,Robert,36,"2020/04/29, 14:52:18"
Mueller,Josie,34,"2020/04/29, 16:10:48"
Beierlorzer,Robert,34,"2020/04/29, 14:23:39"
Di Lillo,Andreas,17,"2020/04/29, 12:46:48"
Roth,Zoe,35,"2020/04/29, 15:45:38"
Beierlorzer,Timothy,30,"2020/04/29, 15:53:52"
Smith,Josie,23,"2020/04/29, 14:33:10"
Gwahsi,Robert,25,"2020/04/29, 14:31:33"
Thronton,Franz,29,"2020/04/29, 13:41:26"
Roth,Francine,15,"2020/04/29, 15:44:41"
Gwahsi,Sarah,40,"2020/04/29, 14:12:06"
Meier,Jordi,40,"2020/04/29, 17:48:34"
Gwahsi,Josie,36,"2020/04/29, 15:45:29"
Picard,Timothy,28,"2020/04/29, 16:32:54"
Kirk,Lee,53,"2020/04/29, 13:58:08"
Gwahsi,Josie,19,"2020/04/29, 15:48:47"
Di Lillo,Andreas,44,"2020/04/29, 17:42:28"
Pomme,Anna,30,"2020/04/29, 13:26:54"
Stephenson,Jean-Luc,20,"2020/04/29, 13:30:04"
Smith,Ali,22,"2020/04/29, 15:41:09"
Smith,Lee,38,"2020/04/29, 15:23:47"
Di Lillo,Ali,33,"2020/04/29, 13:57:00"
Wellington,Timothy,27,"2020/04/29, 14:14:53"
Thronton,Timothy,39,"2020/04/29, 14:38:26"
Di Lillo,Zoe,27,"2020/04/29, 14:26:44"
Di Lillo,Lee,43,"2020/04/29, 16:21:15"
Wellington,Anna,35,"2020/04/29, 14:39:32"
Kirk,Josie,23,"2020/04/29, 16:03:00"
Gwahsi,Timothy,28,"2020/04/29, 18:18:49"
Smith,Thomas,37,"2020/04/29, 16:16:38"
Beierlorzer,Lee,39,"2020/04/29, 15:45:09"
Beierlorzer,Ali,31,"2020/04/29, 15:15:47"
Beierlorzer,Josie,30,"2020/04/29, 16:21:56"
Wellington,Lee,20,"2020/04/29, 15:04:00"
Mueller,Ali,35,"2020/04/29, 14:39:07"
Di Lillo,Hans,47,"2020/04/29, 14:59:13"
Kirk,Lee,35,"2020/04/29, 14:08:04"
Pomme,Jordi,31,"2020/04/29, 16:53:12"
Pomme,Zoe,19,"2020/04/29, 15:09:33"
Mueller,Simon,17,"2020/04/29, 14:59:18"
Beierlorzer,Zoe,19,"2020/04/29, 19:41:49"
Beierlorzer,Lee,25,"2020/04/29, 15:00:09"
Kirk,Sarah,29,"2020/04/29, 17:28:19"
Thronton,Francine,22,"2020/04/29, 15:29:55"
Mueller,Ali,35,"2020/04/29, 15:06:02"
Gwahsi,Thomas,33,"2020/04/29, 15:04:46"
Di Lillo,Josie,46,"2020/04/29, 15:19:47"
Stephenson,Simon,19,"2020/04/29, 15:23:14"
Mueller,Ali,28,"2020/04/29, 18:11:40"
Beierlorzer,Timothy,38,"2020/04/29, 13:21:35"
Picard,Franz,55,"2020/04/29, 15:05:40"
Roth,Lee,51,"2020/04/29, 16:00:17"
Pomme,Jean-Luc,29,"2020/04/29, 14:04:47"
Mueller,Robert,30,"2020/04/29, 15:26:32"
Smith,Lee,30,"2020/04/29, 14:30:56"
Bond,Hans,14,"2020/04/29, 15:46:12"
Stephenson,Francine,27,"2020/04/29, 14:37:51"
Stephenson,Jean-Luc,32,"2020/04/29, 16:46:50"
Smith,Thomas,38,"2020/04/29, 13:34:57"
Wellington,Josie,39,"2020/04/29, 14:56:53"
Meier,Jordi,16,"2020/04/29, 17:13:40"
Meier,Anna,37,"2020/04/29, 16:47:07"
Smith,Agaba,27,"2020/04/29, 14:31:36"
Roth,Anna,39,"2020/04/29, 15:47:42"
Meier,Jean-Luc,29,"2020/04/29, 14:52:45"
Gwahsi,Zoe,39,"2020/04/29, 15:02:18"
Di Lillo,Zoe,33,"2020/04/29, 15:37:48"
Bond,Hans,38,"2020/04/29, 14:33:44"
Beierlorzer,Zoe,44,"2020/04/29, 14:56:15"
Meier,Andreas,8,"2020/04/29, 16:05:21"
Pomme,Andreas,29,"2020/04/29, 14:24:16"
Meier,Ali,34,"2020/04/29, 13:59:14"
Pomme,Lee,39,"2020/04/29, 17:25:11"
Gwahsi,Thomas,24,"2020/04/29, 14:14:17"
Stephenson,Hans,14,"2020/04/29, 14:05:24"
Thronton,Josie,51,"2020/04/29, 17:50:33"
Roth,Franz,41,"2020/04/29, 16:31:02"
Kirk,Francine,37,"2020/04/29, 15:54:27"
Beierlorzer,Josie,36,"2020/04/29, 12:44:42"
Gwahsi,Francine,24,"2020/04/29, 13:59:45"
Pomme,Zoe,47,"2020/04/29, 16:44:11"
Thronton,Alok,30,"2020/04/29, 13:25:16"
Smith,Jean-Luc,43,"2020/04/29, 17:13:19"
Beierlorzer,Francine,35,"2020/04/29, 15:39:45"
Roth,Alok,31,"2020/04/29, 17:01:44"
Beierlorzer,Lee,27,"2020/04/29, 14:10:09"
Roth,Alok,23,"2020/04/29, 17:18:20"
Wellington,Sarah,43,"2020/04/29, 16:28:30"
Kirk,Zoe,21,"2020/04/29, 12:55:14"
Wellington,Alok,26,"2020/04/29, 14:56:30"
Picard,Ali,12,"2020/04/29, 15:32:20"
Wellington,Robert,41,"2020/04/29, 15:23:32"
Roth,Zoe,40,"2020/04/29, 15:58:04"
Gwahsi,Andreas,28,"2020/04/29, 14:15:11"
Wellington,Franz,28,"2020/04/29, 14:40:35"
Bond,Jordi,32,"2020/04/29, 15:42:23"
Wellington,Zoe,32,"2020/04/29, 14:58:02"
Roth,Francine,36,"2020/04/29, 14:59:37"
Wellington,Hans,24,"2020/04/29, 15:06:08"
Picard,Hans,36,"2020/04/29, 15:16:41"
Mueller,Josie,31,"2020/04/29, 15:23:34"
Bond,Hans,33,"2020/04/29, 16:01:32"
Meier,Thomas,35,"2020/04/29, 15:50:33"
Picard,Lee,40,"2020/04/29, 17:12:51"
Roth,Franz,30,"2020/04/29, 13:25:21"
Roth,Josie,18,"2020/04/29, 13:45:07"
Wellington,Josie,57,"2020/04/29, 15:15:26"
Wellington,Simon,40,"2020/04/29, 16:30:31"
Meier,Alok,31,"2020/04/29, 14:30:41"
Wellington,Zoe,34,"2020/04/29, 17:03:51"
Kirk,Anna,46,"2020/04/29, 17:51:37"
Smith,Lee,42,"2020/04/29, 18:10:15"
Di Lillo,Lee,32,"2020/04/29, 15:12:41"
Picard,Timothy,21,"2020/04/29, 16:13:50"
Wellington,Alok,32,"2020/04/29, 16:05:22"
Thronton,Agaba,27,"2020/04/29, 16:11:54"
Kirk,Francine,32,"2020/04/29, 13:42:38"
Kirk,Thomas,49,"2020/04/29, 12:43:12"
Roth,Anna,36,"2020/04/29, 16:02:21"
Pomme,Timothy,48,"2020/04/29, 19:12:53"
Gwahsi,Francine,29,"2020/04/29, 15:00:42"
Bond,Andreas,30,"2020/04/29, 18:01:54"
Gwahsi,Thomas,51,"2020/04/29, 16:50:14"
Meier,Andreas,43,"2020/04/29, 18:45:40"
Di Lillo,Agaba,40,"2020/04/29, 14:43:36"
Smith,Sarah,32,"2020/04/29, 13:53:12"
Pomme,Jean-Luc,39,"2020/04/29, 19:06:52"
Beierlorzer,Francine,49,"2020/04/29, 16:22:32"
Wellington,Hans,23,"2020/04/29, 16:06:36"
Mueller,Simon,14,"2020/04/29, 15:31:00"
Wellington,Jordi,39,"2020/04/29, 16:42:06"
Thronton,Jean-Luc,33,"2020/04/29, 15:34:44"
Wellington,Sarah,19,"2020/04/29, 15:03:00"
Meier,Timothy,45,"2020/04/29, 16:08:58"
Kirk,Jordi,42,"2020/04/29, 15:02:26"
Di Lillo,Simon,29,"2020/04/29, 15:12:42"
Meier,Thomas,43,"2020/04/29, 15:47:11"
Meier,Robert,33,"2020/04/29, 15:49:49"
Pomme,Simon,25,"2020/04/29, 17:13:01"
Smith,Franz,21,"2020/04/29, 15:39:08"
Di Lillo,Simon,44,"2020/04/29, 13:55:24"
Di Lillo,Alok,48,"2020/04/29, 16:26:50"
Gwahsi,Hans,41,"2020/04/29, 16:41:42"
Roth,Robert,35,"2020/04/29, 13:55:13"
Kirk,Alok,49,"2020/04/29, 15:43:13"
Di Lillo,Andreas,13,"2020/04/29, 15:30:38"
Stephenson,Agaba,53,"2020/04/29, 14:41:12"
Thronton,Jordi,37,"2020/04/29, 14:38:20"
Wellington,Ali,62,"2020/04/29, 14:41:53"
Smith,Josie,23,"2020/04/29, 16:22:02"
Pomme,Andreas,34,"2020/04/29, 15:04:32"
Smith,Agaba,31,"2020/04/29, 16:32:36"
Pomme,Zoe,38,"2020/04/29, 15:56:17"
Mueller,Sarah,24,"2020/04/29, 17:49:52"
Thronton,Francine,25,"2020/04/29, 16:19:37"
Smith,Francine,46,"2020/04/29, 15:14:05"
Bond,Franz,30,"2020/04/29, 14:05:24"
Thronton,Alok,33,"2020/04/29, 13:28:37"
Roth,Sarah,29,"2020/04/29, 15:28:16"
Kirk,Thomas,14,"2020/04/29, 15:23:43"
Kirk,Francine,39,"2020/04/29, 13:36:03"
Wellington,Franz,44,"2020/04/29, 17:05:45"
Bond,Andreas,28,"2020/04/29, 14:29:17"
Kirk,Jordi,39,"2020/04/29, 14:42:09"
Picard,Zoe,42,"2020/04/29, 17:15:40"
Smith,Robert,45,"2020/04/29, 14:28:39"
Mueller,Ali,35,"2020/04/29, 17:57:42"
Thronton,Simon,19,"2020/04/29, 15:21:32"
Kirk,Andreas,44,"2020/04/29, 14:28:36"
Meier,Lee,45,"2020/04/29, 16:50:17"
Meier,Jean-Luc,49,"2020/04/29, 14:28:46"
Picard,Anna,43,"2020/04/29, 17:36:12"
Pomme,Robert,26,"2020/04/29, 12:32:22"
Bond,Sarah,41,"2020/04/29, 17:15:02"
Wellington,Anna,24,"2020/04/29, 13:24:19"
Beierlorzer,Jean-Luc,42,"2020/04/29, 15:42:40"
Picard,Lee,49,"2020/04/29, 16:39:29"
Smith,Anna,44,"2020/04/29, 16:31:26"
Di Lillo,Ali,43,"2020/04/29, 14:45:17"
Beierlorzer,Alok,33,"2020/04/29, 15:30:09"
Thronton,Zoe,32,"2020/04/29, 16:05:46"
Bond,Zoe,39,"2020/04/29, 16:19:09"
Kirk,Thomas,37,"2020/04/29, 16:45:29"
Roth,Anna,39,"2020/04/29, 15:05:49"
Kirk,Anna,28,"2020/04/29, 16:29:05"
Meier,Anna,10,"2020/04/29, 14:14:24"
Smith,Sarah,39,"2020/04/29, 16:35:05"
Kirk,Alok,51,"2020/04/29, 15:00:57"
Beierlorzer,Franz,22,"2020/04/29, 15:10:34"
Stephenson,Francine,40,"2020/04/29, 15:56:47"
Di Lillo,Andreas,33,"2020/04/29, 16:01:52"
Stephenson,Francine,36,"2020/04/29, 15:45:32"
Mueller,Franz,31,"2020/04/29, 13:38:20"
Roth,Thomas,16,"2020/04/29, 13:19:47"
Smith,Jean-Luc,51,"2020/04/29, 17:16:54"
Mueller,Agaba,15,"2020/04/29, 16:34:44"
Stephenson,Hans,39,"2020/04/29, 17:06:36"
Picard,Andreas,25,"2020/04/29, 17:59:02"
Picard,Agaba,28,"2020/04/29, 15:29:35"
Beierlorzer,Hans,44,"2020/04/29, 15:31:34"
Roth,Jordi,40,"2020/04/29, 15:02:59"
Thronton,Jean-Luc,42,"2020/04/29, 18:28:53"
Smith,Timothy,30,"2020/04/29, 14:03:59"
Kirk,Josie,32,"2020/04/29, 17:23:29"
Smith,Lee,42,"2020/04/29, 16:08:54"
Mueller,Sarah,28,"2020/04/29, 13:57:50"
Meier,Ali,30,"2020/04/29, 15:04:04"
Beierlorzer,Sarah,38,"2020/04/29, 16:40:49"
Gwahsi,Agaba,32,"2020/04/29, 14:10:31"
Bond,Andreas,44,"2020/04/29, 16:34:39"
Beierlorzer,Josie,48,"2020/04/29, 15:44:24"
Kirk,Simon,45,"2020/04/29, 14:53:37"
Mueller,Hans,32,"2020/04/29, 16:03:01"
Kirk,Sarah,36,"2020/04/29, 15:35:20"
Pomme,Alok,21,"2020/04/29, 13:20:11"
Beierlorzer,Robert,30,"2020/04/29, 15:37:57"
Kirk,Timothy,27,"2020/04/29, 16:56:34"
Wellington,Sarah,27,"2020/04/29, 14:24:49"
Wellington,Jordi,34,"2020/04/29, 18:11:01"
Di Lillo,Franz,44,"2020/04/29, 15:29:23"
Wellington,Timothy,20,"2020/04/29, 16:23:26"
Meier,Anna,29,"2020/04/29, 16:02:54"
Meier,Josie,22,"2020/04/29, 17:59:41"
Pomme,Zoe,29,"2020/04/29, 15:17:21"
Picard,Ali,41,"2020/04/29, 18:25:17"
Di Lillo,Hans,39,"2020/04/29, 16:16:26"
Meier,Andreas,44,"2020/04/29, 12:28:09"
Wellington,Simon,34,"2020/04/29, 16:57:25"
Beierlorzer,Francine,27,"2020/04/29, 16:37:45"
Stephenson,Francine,40,"2020/04/29, 14:49:13"
Di Lillo,Jordi,36,"2020/04/29, 16:27:21"
Gwahsi,Anna,49,"2020/04/29, 15:05:50"
Mueller,Ali,5,"2020/04/29, 11:26:28"
Mueller,Simon,40,"2020/04/29, 13:22:11"
Wellington,Lee,22,"2020/04/29, 14:33:59"
Meier,Jordi,38,"2020/04/29, 15:20:38"
Thronton,Ali,32,"2020/04/29, 15:50:45"
Meier,Hans,16,"2020/04/29, 15:33:58"
Wellington,Josie,19,"2020/04/29, 15:53:02"
Di Lillo,Anna,51,"2020/04/29, 16:30:12"
Wellington,Andreas,33,"2020/04/29, 14:18:05"
Beierlorzer,Sarah,29,"2020/04/29, 14:11:23"
Roth,Simon,40,"2020/04/29, 15:15:31"
Kirk,Alok,18,"2020/04/29, 15:12:25"
Bond,Sarah,46,"2020/04/29, 16:56:12"
Di Lillo,Thomas,18,"2020/04/29, 15:01:43"
Mueller,Simon,27,"2020/04/29, 16:21:10"
Gwahsi,Sarah,32,"2020/04/29, 15:15:04"
Smith,Jean-Luc,44,"2020/04/29, 15:00:20"
Pomme,Josie,45,"2020/04/29, 16:54:57"
Beierlorzer,Lee,31,"2020/04/29, 17:54:36"
Kirk,Francine,36,"2020/04/29, 14:09:11"
Roth,Jordi,45,"2020/04/29, 17:20:45"
Kirk,Hans,36,"2020/04/29, 14:10:56"
Picard,Zoe,46,"2020/04/29, 15:47:56"
Kirk,Josie,22,"2020/04/29, 14:14:54"
Smith,Lee,10,"2020/04/29, 14:08:05"
Kirk,Lee,38,"2020/04/29, 18:37:46"
Mueller,Ali,42,"2020/04/29, 14:58:26"
Bond,Sarah,22,"2020/04/29, 13:10:07"
Smith,Thomas,30,"2020/04/29, 15:51:33"
Smith,Thomas,41,"2020/04/29, 12:24:24"
Di Lillo,Simon,53,"2020/04/29, 14:46:25"
Gwahsi,Agaba,29,"2020/04/29, 13:24:35"
Pomme,Alok,56,"2020/04/29, 16:24:26"
Gwahsi,Simon,25,"2020/04/29, 14:53:50"
Gwahsi,Andreas,55,"2020/04/29, 14:08:11"
Beierlorzer,Jean-Luc,48,"2020/04/29, 17:07:30"
Kirk,Andreas,28,"2020/04/29, 14:23:56"
Pomme,Josie,35,"2020/04/29, 16:09:49"
Kirk,Jordi,35,"2020/04/29, 17:14:52"
Bond,Robert,22,"2020/04/29, 16:51:56"
Pomme,Robert,40,"2020/04/29, 18:05:24"
Kirk,Jean-Luc,48,"2020/04/29, 15:02:31"
Gwahsi,Zoe,44,"2020/04/29, 18:56:42"
Pomme,Agaba,42,"2020/04/29, 16:39:49"
Mueller,Robert,40,"2020/04/29, 17:10:42"
Pomme,Josie,46,"2020/04/29, 14:57:10"
Mueller,Sarah,37,"2020/04/29, 14:02:12"
Thronton,Timothy,12,"2020/04/29, 14:44:49"
Di Lillo,Robert,29,"2020/04/29, 15:15:03"
Roth,Francine,38,"2020/04/29, 14:59:53"
Meier,Lee,41,"2020/04/29, 14:29:50"
Thronton,Hans,22,"2020/04/29, 15:10:39"
Pomme,Lee,32,"2020/04/29, 17:24:01"
Bond,Agaba,49,"2020/04/29, 15:43:18"
Pomme,Hans,20,"2020/04/29, 15:44:51"
Roth,Zoe,37,"2020/04/29, 17:00:31"
Kirk,Hans,28,"2020/04/29, 16:30:44"
Pomme,Jordi,31,"2020/04/29, 15:17:07"
Meier,Anna,27,"2020/04/29, 14:10:48"
Beierlorzer,Andreas,22,"2020/04/29, 16:34:15"
Bond,Josie,45,"2020/04/29, 15:47:44"
Mueller,Ali,30,"2020/04/29, 14:23:51"
Smith,Ali,47,"2020/04/29, 15:48:47"
Di Lillo,Franz,37,"2020/04/29, 17:13:50"
Mueller,Andreas,52,"2020/04/29, 13:31:24"
Stephenson,Franz,34,"2020/04/29, 15:03:30"
Mueller,Anna,29,"2020/04/29, 16:06:25"
Bond,Agaba,24,"2020/04/29, 16:05:55"
Pomme,Franz,40,"2020/04/29, 14:51:41"
Bond,Zoe,29,"2020/04/29, 16:50:00"
Stephenson,Josie,37,"2020/04/29, 12:19:54"
Stephenson,Thomas,17,"2020/04/29, 15:17:31"
Wellington,Agaba,22,"2020/04/29, 17:23:14"
Thronton,Josie,30,"2020/04/29, 15:46:34"
Stephenson,Thomas,33,"2020/04/29, 16:18:17"
Bond,Franz,24,"2020/04/29, 14:44:23"
Stephenson,Alok,40,"2020/04/29, 16:33:09"
Bond,Josie,31,"2020/04/29, 16:41:21"
Bond,Robert,43,"2020/04/29, 14:56:19"
Kirk,Alok,30,"2020/04/29, 15:25:36"
Mueller,Hans,35,"2020/04/29, 13:17:28"
Kirk,Agaba,50,"2020/04/29, 16:29:46"
Pomme,Sarah,36,"2020/04/29, 16:56:21"
Meier,Thomas,8,"2020/04/29, 16:09:40"
Beierlorzer,Agaba,39,"2020/04/29, 16:27:44"
Thronton,Timothy,41,"2020/04/29, 16:00:44"
Meier,Agaba,25,"2020/04/29, 16:45:30"
Wellington,Anna,50,"2020/04/29, 14:55:06"
Picard,Timothy,35,"2020/04/29, 14:42:00"
Beierlorzer,Simon,44,"2020/04/29, 14:08:37"
Pomme,Alok,28,"2020/04/29, 16:17:00"
Wellington,Anna,56,"2020/04/29, 14:27:42"
Smith,Hans,48,"2020/04/29, 14:45:28"
Pomme,Andreas,39,"2020/04/29, 13:12:28"
Gwahsi,Anna,43,"2020/04/29, 16:15:04"
Beierlorzer,Francine,28,"2020/04/29, 16:03:10"
Gwahsi,Zoe,49,"2020/04/29, 14:59:39"
Stephenson,Hans,44,"2020/04/29, 16:41:23"
Wellington,Anna,14,"2020/04/29, 14:44:51"
Bond,Alok,36,"2020/04/29, 15:00:28"
Picard,Lee,26,"2020/04/29, 15:51:23"
Thronton,Lee,36,"2020/04/29, 17:54:00"
Meier,Zoe,26,"2020/04/29, 17:16:52"
Bond,Agaba,10,"2020/04/29, 17:23:39"
Di Lillo,Robert,19,"2020/04/29, 15:23:03"
Di Lillo,Timothy,34,"2020/04/29, 15:47:54"
Picard,Timothy,37,"2020/04/29, 17:16:25"
Roth,Jordi,57,"2020/04/29, 15:59:13"
Wellington,Timothy,40,"2020/04/29, 16:19:04"
Thronton,Robert,35,"2020/04/29, 16:06:27"
Roth,Timothy,47,"2020/04/29, 16:59:23"
Roth,Alok,30,"2020/04/29, 15:24:53"
Wellington,Hans,35,"2020/04/29, 14:45:48"
Roth,Ali,35,"2020/04/29, 13:58:22"
Picard,Anna,51,"2020/04/29, 14:50:52"
Thronton,Josie,33,"2020/04/29, 15:04:12"
Bond,Josie,32,"2020/04/29, 16:26:00"
Bond,Josie,31,"2020/04/29, 16:11:03"
Stephenson,Anna,35,"2020/04/29, 14:48:02"
Smith,Robert,26,"2020/04/29, 14:21:45"
Wellington,Jordi,30,"2020/04/29, 15:31:58"
Pomme,Sarah,36,"2020/04/29, 16:53:21"
Beierlorzer,Thomas,35,"2020/04/29, 16:13:44"
Thronton,Ali,26,"2020/04/29, 17:23:03"
Thronton,Alok,22,"2020/04/29, 16:49:50"
Picard,Sarah,38,"2020/04/29, 13:57:56"
Stephenson,Sarah,27,"2020/04/29, 14:31:46"
Beierlorzer,Zoe,31,"2020/04/29, 13:54:57"
Kirk,Zoe,39,"2020/04/29, 15:49:36"
Mueller,Sarah,30,"2020/04/29, 14:29:46"
Mueller,Josie,53,"2020/04/29, 17:11:24"
Bond,Hans,36,"2020/04/29, 18:04:59"
Di Lillo,Josie,41,"2020/04/29, 16:05:04"
Beierlorzer,Robert,24,"2020/04/29, 17:20:06"
Meier,Agaba,39,"2020/04/29, 17:40:53"
Picard,Zoe,30,"2020/04/29, 16:09:25"
Meier,Robert,35,"2020/04/29, 16:47:36"
Di Lillo,Agaba,30,"2020/04/29, 16:30:33"
Kirk,Lee,37,"2020/04/29, 14:18:45"
Smith,Thomas,14,"2020/04/29, 17:42:57"
Meier,Franz,38,"2020/04/29, 14:50:28"
Pomme,Hans,18,"2020/04/29, 14:39:40"
Smith,Josie,27,"2020/04/29, 16:15:03"
Wellington,Thomas,22,"2020/04/29, 15:55:52"
Di Lillo,Robert,28,"2020/04/29, 15:45:19"
Smith,Franz,29,"2020/04/29, 16:55:26"
Thronton,Josie,18,"2020/04/29, 16:15:05"
Di Lillo,Franz,25,"2020/04/29, 14:22:35"
Stephenson,Ali,21,"2020/04/29, 14:55:29"
Beierlorzer,Thomas,34,"2020/04/29, 15:19:31"
Thronton,Simon,38,"2020/04/29, 18:05:32"
Bond,Jordi,42,"2020/04/29, 15:54:06"
Thronton,Timothy,35,"2020/04/29, 17:26:31"
Picard,Agaba,25,"2020/04/29, 17:52:08"
Picard,Alok,43,"2020/04/29, 12:51:34"
Pomme,Jean-Luc,32,"2020/04/29, 15:27:50"
Wellington,Andreas,34,"2020/04/29, 14:54:57"
Beierlorzer,Simon,29,"2020/04/29, 15:10:15"
Beierlorzer,Franz,27,"2020/04/29, 15:25:42"
Roth,Timothy,24,"2020/04/29, 15:37:32"
Di Lillo,Alok,38,"2020/04/29, 15:10:18"
Beierlorzer,Alok,9,"2020/04/29, 14:04:44"
Bond,Sarah,56,"2020/04/29, 14:40:11"
Smith,Josie,26,"2020/04/29, 16:57:23"
Beierlorzer,Agaba,49,"2020/04/29, 16:36:45"
Di Lillo,Timothy,49,"2020/04/29, 13:56:16"
Di Lillo,Zoe,40,"2020/04/29, 16:13:55"
Picard,Robert,44,"2020/04/29, 16:37:14"
Beierlorzer,Jean-Luc,33,"2020/04/29, 12:56:43"
Beierlorzer,Alok,49,"2020/04/29, 16:17:30"
Kirk,Agaba,35,"2020/04/29, 18:16:54"
Mueller,Ali,43,"2020/04/29, 15:14:28"
Meier,Andreas,35,"2020/04/29, 14:17:05"
Wellington,Ali,44,"2020/04/29, 17:28:16"
Kirk,Alok,32,"2020/04/29, 16:24:38"
Gwahsi,Lee,44,"2020/04/29, 14:56:57"
Smith,Zoe,41,"2020/04/29, 14:28:04"
Gwahsi,Andreas,28,"2020/04/29, 16:36:12"
Meier,Sarah,42,"2020/04/29, 14:40:12"
Roth,Francine,15,"2020/04/29, 16:32:15"
Pomme,Francine,36,"2020/04/29, 17:49:43"
Smith,Anna,29,"2020/04/29, 16:19:18"
Stephenson,Robert,39,"2020/04/29, 17:35:22"
Roth,Agaba,12,"2020/04/29, 14:00:53"
Picard,Francine,28,"2020/04/29, 15:31:59"
Roth,Alok,41,"2020/04/29, 14:37:07"
Meier,Thomas,48,"2020/04/29, 14:05:54"
Stephenson,Simon,24,"2020/04/29, 17:43:03"
Roth,Timothy,40,"2020/04/29, 15:00:34"
Kirk,Josie,47,"2020/04/29, 14:05:34"
Wellington,Timothy,35,"2020/04/29, 16:14:53"
Meier,Timothy,46,"2020/04/29, 14:12:37"
Meier,Robert,51,"2020/04/29, 15:38:15"
Picard,Francine,31,"2020/04/29, 14:40:56"
Di Lillo,Timothy,38,"2020/04/29, 14:25:22"
Gwahsi,Robert,33,"2020/04/29, 15:18:27"
Thronton,Zoe,42,"2020/04/29, 13:48:50"
Roth,Zoe,47,"2020/04/29, 15:41:37"
Roth,Jordi,37,"2020/04/29, 17:50:10"
Beierlorzer,Zoe,37,"2020/04/29, 14:34:28"
Roth,Alok,18,"2020/04/29, 15:47:39"
Smith,Sarah,41,"2020/04/29, 13:57:53"
Pomme,Robert,37,"2020/04/29, 17:28:20"
Picard,Alok,29,"2020/04/29, 15:32:21"
Roth,Ali,29,"2020/04/29, 16:43:29"
Pomme,Simon,14,"2020/04/29, 16:23:17"
Bond,Sarah,40,"2020/04/29, 14:39:36"
Smith,Alok,24,"2020/04/29, 16:15:02"
Kirk,Thomas,36,"2020/04/29, 16:37:52"
Picard,Hans,38,"2020/04/29, 15:01:56"
Roth,Alok,33,"2020/04/29, 13:10:15"
Wellington,Timothy,42,"2020/04/29, 17:53:14"
Di Lillo,Agaba,26,"2020/04/29, 12:52:45"
Smith,Thomas,33,"2020/04/29, 15:40:36"
Stephenson,Anna,41,"2020/04/29, 15:08:41"
Smith,Thomas,32,"2020/04/29, 15:19:50"
Gwahsi,Sarah,21,"2020/04/29, 13:01:50"
Smith,Timothy,23,"2020/04/29, 13:40:54"
Meier,Timothy,37,"2020/04/29, 15:25:26"
Beierlorzer,Ali,28,"2020/04/29, 16:30:21"
Mueller,Alok,38,"2020/04/29, 12:57:13"
Beierlorzer,Agaba,21,"2020/04/29, 15:40:47"
Picard,Sarah,28,"2020/04/29, 15:28:49"
Mueller,Zoe,41,"2020/04/29, 16:19:42"
Wellington,Andreas,44,"2020/04/29, 15:17:59"
Gwahsi,Simon,35,"2020/04/29, 15:52:32"
Pomme,Agaba,44,"2020/04/29, 13:41:39"
Beierlorzer,Alok,44,"2020/04/29, 13:31:51"
Picard,Timothy,30,"2020/04/29, 16:01:42"
Mueller,Agaba,31,"2020/04/29, 13:49:52"
Smith,Jean-Luc,32,"2020/04/29, 16:25:30"
Bond,Josie,26,"2020/04/29, 13:07:10"
Di Lillo,Sarah,44,"2020/04/29, 16:17:08"
Meier,Alok,21,"2020/04/29, 15:27:02"
Wellington,Jordi,48,"2020/04/29, 14:49:15"
Roth,Josie,31,"2020/04/29, 16:44:29"
Di Lillo,Jean-Luc,49,"2020/04/29, 15:27:27"
Wellington,Robert,45,"2020/04/29, 13:20:49"
Bond,Franz,28,"2020/04/29, 15:22:46"
Roth,Franz,38,"2020/04/29, 12:06:59"
Beierlorzer,Andreas,30,"2020/04/29, 15:43:20"
Smith,Lee,34,"2020/04/29, 15:33:40"
Meier,Hans,17,"2020/04/29, 16:12:10"
Stephenson,Jean-Luc,39,"2020/04/29, 15:37:09"
Picard,Thomas,40,"2020/04/29, 13:35:34"
Pomme,Ali,29,"2020/04/29, 15:23:24"
Picard,Timothy,45,"2020/04/29, 17:33:39"
Meier,Robert,41,"2020/04/29, 15:26:18"
Bond,Timothy,21,"2020/04/29, 13:59:22"
Smith,Alok,45,"2020/04/29, 14:36:15"
Stephenson,Agaba,26,"2020/04/29, 14:35:37"
Kirk,Andreas,25,"2020/04/29, 15:42:30"
Beierlorzer,Franz,44,"2020/04/29, 17:20:17"
Picard,Franz,31,"2020/04/29, 15:14:33"
Mueller,Franz,45,"2020/04/29, 14:24:05"
Mueller,Sarah,43,"2020/04/29, 12:24:55"
Roth,Jean-Luc,29,"2020/04/29, 15:54:40"
Pomme,Josie,47,"2020/04/29, 15:18:09"
Meier,Agaba,32,"2020/04/29, 16:07:16"
Di Lillo,Ali,30,"2020/04/29, 14:35:47"
Mueller,Josie,43,"2020/04/29, 14:29:51"
Beierlorzer,Simon,37,"2020/04/29, 14:47:55"
Meier,Jordi,30,"2020/04/29, 14:20:19"
Smith,Timothy,22,"2020/04/29, 18:28:08"
Bond,Anna,36,"2020/04/29, 15:35:17"
Wellington,Francine,35,"2020/04/29, 15:35:48"
Wellington,Jordi,23,"2020/04/29, 15:19:48"
Wellington,Ali,44,"2020/04/29, 17:21:53"
Mueller,Anna,38,"2020/04/29, 14:05:33"
Beierlorzer,Hans,26,"2020/04/29, 15:21:43"
Roth,Ali,44,"2020/04/29, 16:26:27"
Thronton,Alok,43,"2020/04/29, 17:35:21"
Roth,Ali,43,"2020/04/29, 14:37:46"
Smith,Jordi,29,"2020/04/29, 16:06:52"
Beierlorzer,Anna,32,"2020/04/29, 15:32:59"
Bond,Anna,53,"2020/04/29, 13:59:41"
Kirk,Robert,33,"2020/04/29, 17:30:04"
Thronton,Simon,54,"2020/04/29, 15:16:34"
Bond,Hans,36,"2020/04/29, 14:48:29"
Meier,Thomas,38,"2020/04/29, 16:17:37"
Kirk,Timothy,41,"2020/04/29, 17:06:56"
Roth,Thomas,20,"2020/04/29, 13:45:50"
Beierlorzer,Robert,6,"2020/04/29, 14:06:47"
Stephenson,Agaba,34,"2020/04/29, 16:42:44"
Roth,Simon,40,"2020/04/29, 16:18:31"
Beierlorzer,Anna,47,"2020/04/29, 14:51:06"
Wellington,Franz,33,"2020/04/29, 16:57:15"
Meier,Anna,52,"2020/04/29, 17:19:42"
Stephenson,Thomas,29,"2020/04/29, 15:46:46"
Wellington,Timothy,44,"2020/04/29, 16:22:47"
Di Lillo,Hans,42,"2020/04/29, 15:16:09"
Bond,Hans,37,"2020/04/29, 16:22:55"
Di Lillo,Ali,43,"2020/04/29, 14:56:15"
Roth,Simon,36,"2020/04/29, 17:01:18"
Pomme,Sarah,32,"2020/04/29, 14:11:23"
Bond,Franz,30,"2020/04/29, 15:22:06"
Di Lillo,Timothy,30,"2020/04/29, 18:50:41"
Bond,Ali,35,"2020/04/29, 15:38:15"
Meier,Francine,15,"2020/04/29, 13:47:36"
Gwahsi,Franz,26,"2020/04/29, 15:15:42"
Thronton,Alok,33,"2020/04/29, 19:30:15"
Stephenson,Ali,30,"2020/04/29, 13:48:00"
Smith,Timothy,33,"2020/04/29, 16:03:05"
Bond,Josie,45,"2020/04/29, 16:28:25"
Beierlorzer,Sarah,25,"2020/04/29, 17:32:49"
Gwahsi,Andreas,38,"2020/04/29, 13:45:52"
Wellington,Josie,43,"2020/04/29, 13:58:13"
Gwahsi,Josie,47,"2020/04/29, 16:30:44"
Gwahsi,Jordi,28,"2020/04/29, 14:10:49"
Meier,Alok,44,"2020/04/29, 16:10:41"
Wellington,Francine,27,"2020/04/29, 12:54:46"
Roth,Andreas,47,"2020/04/29, 15:59:56"
Beierlorzer,Agaba,26,"2020/04/29, 13:04:49"
Meier,Simon,28,"2020/04/29, 15:06:51"
Roth,Hans,38,"2020/04/29, 13:52:40"
Mueller,Josie,40,"2020/04/29, 16:44:23"
Bond,Francine,25,"2020/04/29, 15:30:28"
Bond,Josie,40,"2020/04/29, 17:31:02"
Stephenson,Zoe,33,"2020/04/29, 15:32:16"
Smith,Sarah,23,"2020/04/29, 16:01:42"
Picard,Anna,35,"2020/04/29, 14:24:15"
Roth,Jordi,45,"2020/04/29, 16:00:22"
Wellington,Simon,32,"2020/04/29, 14:53:09"
Kirk,Ali,28,"2020/04/29, 15:52:57"
Bond,Thomas,36,"2020/04/29, 15:45:47"
Thronton,Simon,33,"2020/04/29, 17:02:19"
Mueller,Alok,40,"2020/04/29, 17:32:59"
Pomme,Josie,42,"2020/04/29, 14:30:53"
Gwahsi,Sarah,49,"2020/04/29, 14:24:36"
Bond,Agaba,38,"2020/04/29, 16:00:28"
Stephenson,Sarah,37,"2020/04/29, 14:03:23"
Bond,Alok,29,"2020/04/29, 15:28:51"
Gwahsi,Lee,47,"2020/04/29, 16:07:48"
Wellington,Andreas,32,"2020/04/29, 15:52:29"
Bond,Lee,22,"2020/04/29, 16:03:10"
Smith,Jean-Luc,17,"2020/04/29, 12:50:27"
Thronton,Jordi,-5,"2020/04/29, 12:55:52"
Wellington,Lee,18,"2020/04/29, 15:53:59"
Meier,Ali,35,"2020/04/29, 16:02:47"
Thronton,Thomas,35,"2020/04/29, 15:26:15"
Stephenson,Lee,24,"2020/04/29, 14:57:16"
Kirk,Alok,41,"2020/04/29, 16:49:55"
Picard,Hans,48,"2020/04/29, 14:08:05"
Picard,Timothy,18,"2020/04/29, 18:04:42"
Stephenson,Timothy,20,"2020/04/29, 16:57:26"
Picard,Ali,49,"2020/04/29, 17:12:48"
Kirk,Zoe,47,"2020/04/29, 17:06:07"
Gwahsi,Franz,43,"2020/04/29, 16:57:28"
Kirk,Jean-Luc,26,"2020/04/29, 15:44:05"
Stephenson,Sarah,53,"2020/04/29, 14:08:55"
Smith,Alok,39,"2020/04/29, 13:47:00"
Roth,Ali,34,"2020/04/29, 16:56:59"
Mueller,Robert,42,"2020/04/29, 17:04:26"
Di Lillo,Robert,62,"2020/04/29, 15:16:28"
Kirk,Lee,19,"2020/04/29, 15:37:26"
Pomme,Franz,40,"2020/04/29, 15:27:05"
Gwahsi,Thomas,40,"2020/04/29, 17:05:04"
Beierlorzer,Jean-Luc,32,"2020/04/29, 13:04:34"
Thronton,Franz,28,"2020/04/29, 18:39:43"
